fold,precision
1,0.6825396825396826
2,0.5079365079365079
3,0.5396825396825397
4,0.6031746031746031
5,0.6190476190476191
6,0.5873015873015873
7,0.6507936507936508
8,0.5873015873015873
9,0.5555555555555556
10,0.5873015873015873
Average,0.592063492063492
